source,dialect,text,english_gloss,category,date_collected,dialect_guess
Local Markdown,egba,Bawo,How are you?,Basic Greetings and Social Words,2025-08-09T13:31:06.132370,
Local Markdown,egba,Alafia,Peace/wellness,Basic Greetings and Social Words,2025-08-09T13:31:06.132393,
Local Markdown,egba,E kaaro,Good morning,Basic Greetings and Social Words,2025-08-09T13:31:06.132399,
Local Markdown,egba,E kaasan,Good afternoon,Basic Greetings and Social Words,2025-08-09T13:31:06.132404,
Local Markdown,egba,E kaale,Good evening,Basic Greetings and Social Words,2025-08-09T13:31:06.132408,
Local Markdown,egba,O dabo,Goodbye,Basic Greetings and Social Words,2025-08-09T13:31:06.132412,
Local Markdown,egba,Ese,Thank you,Basic Greetings and Social Words,2025-08-09T13:31:06.132415,
Local Markdown,egba,Pele,Sorry/sympathy,Basic Greetings and Social Words,2025-08-09T13:31:06.132419,
Local Markdown,egba,Binu,Don't be angry,Basic Greetings and Social Words,2025-08-09T13:31:06.132426,
Local Markdown,egba,Kabo,Welcome,Basic Greetings and Social Words,2025-08-09T13:31:06.132430,
Local Markdown,egba,Baba,Father,Family and Relationships,2025-08-09T13:31:06.132434,
Local Markdown,egba,MamaIya,Mother,Family and Relationships,2025-08-09T13:31:06.132438,
Local Markdown,egba,Omo,Child,Family and Relationships,2025-08-09T13:31:06.132441,
Local Markdown,egba,Egbon,Elder sibling,Family and Relationships,2025-08-09T13:31:06.132445,
Local Markdown,egba,Aburo,Younger sibling,Family and Relationships,2025-08-09T13:31:06.132448,
Local Markdown,egba,Oko,Husband,Family and Relationships,2025-08-09T13:31:06.132451,
Local Markdown,egba,Iyawo,Wife,Family and Relationships,2025-08-09T13:31:06.132455,
Local Markdown,egba,Ebi,Family,Family and Relationships,2025-08-09T13:31:06.132458,
Local Markdown,egba,Ore,Friend,Family and Relationships,2025-08-09T13:31:06.132461,
Local Markdown,egba,Ololufe,Lover/beloved,Family and Relationships,2025-08-09T13:31:06.132465,
Local Markdown,egba,Ori,Head,Body Parts,2025-08-09T13:31:06.132469,
Local Markdown,egba,Oju,Eye/face,Body Parts,2025-08-09T13:31:06.132472,
Local Markdown,egba,Imu,Nose,Body Parts,2025-08-09T13:31:06.132476,
Local Markdown,egba,Enu,Mouth,Body Parts,2025-08-09T13:31:06.132479,
Local Markdown,egba,Eti,Ear,Body Parts,2025-08-09T13:31:06.132482,
Local Markdown,egba,Owo,Hand/money,Body Parts,2025-08-09T13:31:06.132486,
Local Markdown,egba,Ese,Foot/leg,Body Parts,2025-08-09T13:31:06.132489,
Local Markdown,egba,Ara,Body,Body Parts,2025-08-09T13:31:06.132495,
Local Markdown,egba,Okan,Heart,Body Parts,2025-08-09T13:31:06.132499,
Local Markdown,egba,Inu,Stomach/inside,Body Parts,2025-08-09T13:31:06.132502,
Local Markdown,egba,Funfun,White,Colors,2025-08-09T13:31:06.132505,
Local Markdown,egba,Dudu,Black,Colors,2025-08-09T13:31:06.132509,
Local Markdown,egba,Pupa,Red,Colors,2025-08-09T13:31:06.132512,
Local Markdown,egba,Bulu,Blue,Colors,2025-08-09T13:31:06.132515,
Local Markdown,egba,Ewe,Green,Colors,2025-08-09T13:31:06.132518,
Local Markdown,egba,Ofeefee,Yellow,Colors,2025-08-09T13:31:06.132522,
Local Markdown,egba,Alawọ,Brown,Colors,2025-08-09T13:31:06.132528,
Local Markdown,egba,Pink,Pink,Colors,2025-08-09T13:31:06.132531,
Local Markdown,egba,Grẹy,Grey,Colors,2025-08-09T13:31:06.132535,
Local Markdown,egba,Odo,Purple,Colors,2025-08-09T13:31:06.132538,
Local Markdown,egba,EniOkan,One,Numbers,2025-08-09T13:31:06.132542,
Local Markdown,egba,EjiMeji,Two,Numbers,2025-08-09T13:31:06.132546,
Local Markdown,egba,EtaMeta,Three,Numbers,2025-08-09T13:31:06.132550,
Local Markdown,egba,ErinMerin,Four,Numbers,2025-08-09T13:31:06.132553,
Local Markdown,egba,ArunMarun,Five,Numbers,2025-08-09T13:31:06.132557,
Local Markdown,egba,EfaMefa,Six,Numbers,2025-08-09T13:31:06.132561,
Local Markdown,egba,EjeMeje,Seven,Numbers,2025-08-09T13:31:06.132564,
Local Markdown,egba,EjoMejo,Eight,Numbers,2025-08-09T13:31:06.132570,
Local Markdown,egba,EsanMesan,Nine,Numbers,2025-08-09T13:31:06.132573,
Local Markdown,egba,EwaMewa,Ten,Numbers,2025-08-09T13:31:06.132576,
Local Markdown,egba,Ounje,Food,Food and Drinks,2025-08-09T13:31:06.132580,
Local Markdown,egba,Omi,Water,Food and Drinks,2025-08-09T13:31:06.132583,
Local Markdown,egba,Isu,Yam,Food and Drinks,2025-08-09T13:31:06.132586,
Local Markdown,egba,Iresi,Rice,Food and Drinks,2025-08-09T13:31:06.132590,
Local Markdown,egba,Ewa,Beans,Food and Drinks,2025-08-09T13:31:06.132593,
Local Markdown,egba,Dodo,Plantain,Food and Drinks,2025-08-09T13:31:06.132596,
Local Markdown,egba,Epo,Palm oil,Food and Drinks,2025-08-09T13:31:06.132599,
Local Markdown,egba,Eja,Fish,Food and Drinks,2025-08-09T13:31:06.132602,
Local Markdown,egba,Eran,Meat,Food and Drinks,2025-08-09T13:31:06.132606,
Local Markdown,egba,Agbon,Coconut,Food and Drinks,2025-08-09T13:31:06.132609,
Local Markdown,egba,Aja,Dog,Animals,2025-08-09T13:31:06.132614,
Local Markdown,egba,Ologbo,Cat,Animals,2025-08-09T13:31:06.132617,
Local Markdown,egba,Esin,Horse,Animals,2025-08-09T13:31:06.132621,
Local Markdown,egba,Malu,Cow,Animals,2025-08-09T13:31:06.132624,
Local Markdown,egba,Agutan,Sheep,Animals,2025-08-09T13:31:06.132627,
Local Markdown,egba,Ewure,Goat,Animals,2025-08-09T13:31:06.132630,
Local Markdown,egba,Adiye,Chicken,Animals,2025-08-09T13:31:06.132635,
Local Markdown,egba,Eku,Rat/mouse,Animals,2025-08-09T13:31:06.132639,
Local Markdown,egba,Ekun,Leopard,Animals,2025-08-09T13:31:06.132642,
Local Markdown,egba,Kiniun,Lion,Animals,2025-08-09T13:31:06.132645,
Local Markdown,egba,Orun,Sun/heaven,Nature and Weather,2025-08-09T13:31:06.132649,
Local Markdown,egba,Osupa,Moon,Nature and Weather,2025-08-09T13:31:06.132652,
Local Markdown,egba,Irawo,Star,Nature and Weather,2025-08-09T13:31:06.132656,
Local Markdown,egba,Ojo,Rain,Nature and Weather,2025-08-09T13:31:06.132659,
Local Markdown,egba,Afefe,Wind,Nature and Weather,2025-08-09T13:31:06.132662,
Local Markdown,egba,Ina,Fire,Nature and Weather,2025-08-09T13:31:06.132665,
Local Markdown,egba,Igi,Tree,Nature and Weather,2025-08-09T13:31:06.132668,
Local Markdown,egba,Ododo,Flower,Nature and Weather,2025-08-09T13:31:06.132672,
Local Markdown,egba,Igbó,Forest,Nature and Weather,2025-08-09T13:31:06.132676,
Local Markdown,egba,Okun,Sea/ocean,Nature and Weather,2025-08-09T13:31:06.132679,
Local Markdown,egba,Ojo,Day,Time and Days,2025-08-09T13:31:06.132683,
Local Markdown,egba,Oru,Night,Time and Days,2025-08-09T13:31:06.132686,
Local Markdown,egba,Owuro,Morning,Time and Days,2025-08-09T13:31:06.132689,
Local Markdown,egba,Osan,Afternoon,Time and Days,2025-08-09T13:31:06.132692,
Local Markdown,egba,Ale,Evening,Time and Days,2025-08-09T13:31:06.132696,
Local Markdown,egba,Ose,Week,Time and Days,2025-08-09T13:31:06.132699,
Local Markdown,egba,Osu,Month,Time and Days,2025-08-09T13:31:06.132704,
Local Markdown,egba,Odun,Year,Time and Days,2025-08-09T13:31:06.132707,
Local Markdown,egba,Aiye,Lifetime/world,Time and Days,2025-08-09T13:31:06.132710,
Local Markdown,egba,Akoko,Time,Time and Days,2025-08-09T13:31:06.132713,
Local Markdown,egba,Lo,Go,Actions/Verbs,2025-08-09T13:31:06.132717,
Local Markdown,egba,Wa,Come,Actions/Verbs,2025-08-09T13:31:06.132720,
Local Markdown,egba,Je,Eat,Actions/Verbs,2025-08-09T13:31:06.132723,
Local Markdown,egba,Mu,Drink,Actions/Verbs,2025-08-09T13:31:06.132727,
Local Markdown,egba,Sun,Sleep,Actions/Verbs,2025-08-09T13:31:06.132730,
Local Markdown,egba,Ji,Wake up,Actions/Verbs,2025-08-09T13:31:06.132733,
Local Markdown,egba,Dide,Stand up/get up,Actions/Verbs,2025-08-09T13:31:06.132738,
Local Markdown,egba,Joko,Sit down,Actions/Verbs,2025-08-09T13:31:06.132741,
Local Markdown,egba,Rin,Walk,Actions/Verbs,2025-08-09T13:31:06.132744,
Local Markdown,egba,Sare,Run,Actions/Verbs,2025-08-09T13:31:06.132748,
Local Markdown,egba,Ayo,Joy,Emotions and States,2025-08-09T13:31:06.132751,
Local Markdown,egba,Ibanuje,Sadness,Emotions and States,2025-08-09T13:31:06.132754,
Local Markdown,egba,Ibinu,Anger,Emotions and States,2025-08-09T13:31:06.132758,
Local Markdown,egba,Ife,Love,Emotions and States,2025-08-09T13:31:06.132761,
Local Markdown,egba,Korira,Hatred,Emotions and States,2025-08-09T13:31:06.132765,
Local Markdown,egba,Iju,Fear,Emotions and States,2025-08-09T13:31:06.132769,
Local Markdown,egba,Itiju,Shame,Emotions and States,2025-08-09T13:31:06.132774,
Local Markdown,egba,Igberaga,Pride,Emotions and States,2025-08-09T13:31:06.132778,
Local Markdown,egba,Irele,Humility,Emotions and States,2025-08-09T13:31:06.132781,
Local Markdown,egba,Idunnu,Happiness,Emotions and States,2025-08-09T13:31:06.132784,
Local Markdown,egba,Ile,House/home,House and Home,2025-08-09T13:31:06.132788,
Local Markdown,egba,Yara,Room,House and Home,2025-08-09T13:31:06.132791,
Local Markdown,egba,Oju-ode,Outside,House and Home,2025-08-09T13:31:06.132794,
Local Markdown,egba,Ilepa,Wall,House and Home,2025-08-09T13:31:06.132797,
Local Markdown,egba,Ilekun,Door,House and Home,2025-08-09T13:31:06.132800,
Local Markdown,egba,Ferese,Window,House and Home,2025-08-09T13:31:06.132804,
Local Markdown,egba,Orule,Floor,House and Home,2025-08-09T13:31:06.132807,
Local Markdown,egba,Oke,Roof,House and Home,2025-08-09T13:31:06.132810,
Local Markdown,egba,Ibudó,Dwelling place,House and Home,2025-08-09T13:31:06.132813,
Local Markdown,egba,Agbala,Courtyard,House and Home,2025-08-09T13:31:06.132817,
Local Markdown,egba,Aso,Cloth/clothing,Clothing and Accessories,2025-08-09T13:31:06.132820,
Local Markdown,egba,Bante,Shirt,Clothing and Accessories,2025-08-09T13:31:06.132823,
Local Markdown,egba,Sokoto,Trousers,Clothing and Accessories,2025-08-09T13:31:06.132827,
Local Markdown,egba,Buba,Blouse,Clothing and Accessories,2025-08-09T13:31:06.132839,
Local Markdown,egba,Gele,Head tie,Clothing and Accessories,2025-08-09T13:31:06.132844,
Local Markdown,egba,Fila,Cap,Clothing and Accessories,2025-08-09T13:31:06.132850,
Local Markdown,egba,Bata,Shoes,Clothing and Accessories,2025-08-09T13:31:06.132853,
Local Markdown,egba,Ileke,Beads,Clothing and Accessories,2025-08-09T13:31:06.132856,
Local Markdown,egba,Ẹgba,Bracelet,Clothing and Accessories,2025-08-09T13:31:06.132860,
Local Markdown,egba,Yebeyebe,Earrings,Clothing and Accessories,2025-08-09T13:31:06.132864,
Local Markdown,egba,Eko,Learning/education,Education and Learning,2025-08-09T13:31:06.132867,
Local Markdown,egba,Ile-iwe,School,Education and Learning,2025-08-09T13:31:06.132871,
Local Markdown,egba,Oluko,Teacher,Education and Learning,2025-08-09T13:31:06.132874,
Local Markdown,egba,Akeko,Student,Education and Learning,2025-08-09T13:31:06.132877,
Local Markdown,egba,Iwe,Book,Education and Learning,2025-08-09T13:31:06.132880,
Local Markdown,egba,Kika,Reading,Education and Learning,2025-08-09T13:31:06.132883,
Local Markdown,egba,Kikọ,Writing,Education and Learning,2025-08-09T13:31:06.132887,
Local Markdown,egba,Imo,Knowledge,Education and Learning,2025-08-09T13:31:06.132890,
Local Markdown,egba,Oye,Understanding,Education and Learning,2025-08-09T13:31:06.132893,
Local Markdown,egba,Ogbon,Wisdom,Education and Learning,2025-08-09T13:31:06.132896,
Local Markdown,egba,Ise,Work,Work and Occupations,2025-08-09T13:31:06.132900,
Local Markdown,egba,Agbe,Farmer,Work and Occupations,2025-08-09T13:31:06.132903,
Local Markdown,egba,Onisona,Trader,Work and Occupations,2025-08-09T13:31:06.132906,
Local Markdown,egba,Dokita,Doctor,Work and Occupations,2025-08-09T13:31:06.132912,
Local Markdown,egba,Oluko,Teacher,Work and Occupations,2025-08-09T13:31:06.132917,
Local Markdown,egba,Awakọ,Driver,Work and Occupations,2025-08-09T13:31:06.132921,
Local Markdown,egba,Ologun,Soldier,Work and Occupations,2025-08-09T13:31:06.132924,
Local Markdown,egba,Alagbede,Blacksmith,Work and Occupations,2025-08-09T13:31:06.132927,
Local Markdown,egba,Asiko,Tailor,Work and Occupations,2025-08-09T13:31:06.132930,
Local Markdown,egba,Agbero,Bus conductor,Work and Occupations,2025-08-09T13:31:06.132934,
Local Markdown,egba,Olodumare,Almighty God,Religious and Spiritual Terms,2025-08-09T13:31:06.132938,
Local Markdown,egba,Orisa,Deity,Religious and Spiritual Terms,2025-08-09T13:31:06.132941,
Local Markdown,egba,Adura,Prayer,Religious and Spiritual Terms,2025-08-09T13:31:06.132944,
Local Markdown,egba,Isin,Worship,Religious and Spiritual Terms,2025-08-09T13:31:06.132947,
Local Markdown,egba,Emi-mimo,Holy Spirit,Religious and Spiritual Terms,2025-08-09T13:31:06.132950,
Local Markdown,egba,Orun,Heaven,Religious and Spiritual Terms,2025-08-09T13:31:06.132953,
Local Markdown,egba,Apaadi,Hell,Religious and Spiritual Terms,2025-08-09T13:31:06.132956,
Local Markdown,egba,Iwadii,Salvation,Religious and Spiritual Terms,2025-08-09T13:31:06.132960,
Local Markdown,egba,Ese,Sin,Religious and Spiritual Terms,2025-08-09T13:31:06.132963,
Local Markdown,egba,Dariji,Forgiveness,Religious and Spiritual Terms,2025-08-09T13:31:06.132966,
Local Markdown,egba,Ọbẹ,Knife,Tools and Objects,2025-08-09T13:31:06.132969,
Local Markdown,egba,Ado,Cutlass,Tools and Objects,2025-08-09T13:31:06.132973,
Local Markdown,egba,Apa,Hoe,Tools and Objects,2025-08-09T13:31:06.132976,
Local Markdown,egba,Irin,Iron,Tools and Objects,2025-08-09T13:31:06.132979,
Local Markdown,egba,Igi,Wood/stick,Tools and Objects,2025-08-09T13:31:06.132986,
Local Markdown,egba,Okuta,Stone,Tools and Objects,2025-08-09T13:31:06.132990,
Local Markdown,egba,Eru,Load/burden,Tools and Objects,2025-08-09T13:31:06.132993,
Local Markdown,egba,Ago,Clock/time,Tools and Objects,2025-08-09T13:31:06.132996,
Local Markdown,egba,Kọmputa,Computer,Tools and Objects,2025-08-09T13:31:06.133000,
Local Markdown,egba,Foonu,Phone,Tools and Objects,2025-08-09T13:31:06.133003,
Local Markdown,egba,Ọkọ,Vehicle,Transportation,2025-08-09T13:31:06.133006,
Local Markdown,egba,Keke,Bicycle,Transportation,2025-08-09T13:31:06.133010,
Local Markdown,egba,Ọkọ-oju-irin,Train,Transportation,2025-08-09T13:31:06.133013,
Local Markdown,egba,Ọkọ-ofurufu,Airplane,Transportation,2025-08-09T13:31:06.133016,
Local Markdown,egba,Ọkọ-oju-omi,Ship/boat,Transportation,2025-08-09T13:31:06.133020,
Local Markdown,egba,Mọto,Motor/car,Transportation,2025-08-09T13:31:06.133023,
Local Markdown,egba,Awakọ,Driver,Transportation,2025-08-09T13:31:06.133027,
Local Markdown,egba,Ona,Road/way,Transportation,2025-08-09T13:31:06.133030,
Local Markdown,egba,Ibudo,Bus stop,Transportation,2025-08-09T13:31:06.133033,
Local Markdown,egba,Ajo,Journey,Transportation,2025-08-09T13:31:06.133036,
Local Markdown,egba,Owo,Money,Money and Commerce,2025-08-09T13:31:06.133039,
Local Markdown,egba,Ra,Buy,Money and Commerce,2025-08-09T13:31:06.133042,
Local Markdown,egba,Ta,Sell,Money and Commerce,2025-08-09T13:31:06.133046,
Local Markdown,egba,Oja,Market,Money and Commerce,2025-08-09T13:31:06.133051,
Local Markdown,egba,Onisowo,Trader,Money and Commerce,2025-08-09T13:31:06.133062,
Local Markdown,egba,Idiye,Price,Money and Commerce,2025-08-09T13:31:06.133065,
Local Markdown,egba,Owó-idunnu,Change (money),Money and Commerce,2025-08-09T13:31:06.133069,
Local Markdown,egba,Gbese,Debt,Money and Commerce,2025-08-09T13:31:06.133072,
Local Markdown,egba,Sanwo,Payment,Money and Commerce,2025-08-09T13:31:06.133077,
Local Markdown,egba,Ere,Profit,Money and Commerce,2025-08-09T13:31:06.133080,
Local Markdown,egba,Orin,Song,Music and Entertainment,2025-08-09T13:31:06.133092,
Local Markdown,egba,Ijo,Dance,Music and Entertainment,2025-08-09T13:31:06.133096,
Local Markdown,egba,Dundun,Talking drum,Music and Entertainment,2025-08-09T13:31:06.133100,
Local Markdown,egba,Gangan,Type of drum,Music and Entertainment,2025-08-09T13:31:06.133103,
Local Markdown,egba,Sekere,Shaker,Music and Entertainment,2025-08-09T13:31:06.133106,
Local Markdown,egba,Fere,Flute,Music and Entertainment,2025-08-09T13:31:06.133109,
Local Markdown,egba,Ohun-elo-orin,Musical instrument,Music and Entertainment,2025-08-09T13:31:06.133113,
Local Markdown,egba,Ariwo,Noise/sound,Music and Entertainment,2025-08-09T13:31:06.133116,
Local Markdown,egba,Ere,Play/game,Music and Entertainment,2025-08-09T13:31:06.133119,
Local Markdown,egba,Ayokẹlẹ,Entertainment,Music and Entertainment,2025-08-09T13:31:06.133123,
Local Markdown,egba,Ilera,Health,Health and Medicine,2025-08-09T13:31:06.133127,
Local Markdown,egba,Aisan,Sickness,Health and Medicine,2025-08-09T13:31:06.133130,
Local Markdown,egba,Egbo,Medicine,Health and Medicine,2025-08-09T13:31:06.133133,
Local Markdown,egba,Ile-iwosan,Hospital,Health and Medicine,2025-08-09T13:31:06.133139,
Local Markdown,egba,Dokita,Doctor,Health and Medicine,2025-08-09T13:31:06.133142,
Local Markdown,egba,Nọọsi,Nurse,Health and Medicine,2025-08-09T13:31:06.133146,
Local Markdown,egba,Egboogi,Herb,Health and Medicine,2025-08-09T13:31:06.133149,
Local Markdown,egba,Abela,Injection,Health and Medicine,2025-08-09T13:31:06.133152,
Local Markdown,egba,Iwọsan,Treatment,Health and Medicine,2025-08-09T13:31:06.133155,
Local Markdown,egba,Ku,Death,Health and Medicine,2025-08-09T13:31:06.133158,
Local Markdown,egba,Tobi,Big/large,Adjectives and Descriptions,2025-08-09T13:31:06.133162,
Local Markdown,egba,Kere,Small,Adjectives and Descriptions,2025-08-09T13:31:06.133165,
Local Markdown,egba,Gun,Long/tall,Adjectives and Descriptions,2025-08-09T13:31:06.133168,
Local Markdown,egba,Kukuru,Short,Adjectives and Descriptions,2025-08-09T13:31:06.133172,
Local Markdown,egba,Sanra,Fat,Adjectives and Descriptions,2025-08-09T13:31:06.133175,
Local Markdown,egba,Ru,Thin,Adjectives and Descriptions,2025-08-09T13:31:06.133178,
Local Markdown,egba,Rẹwa,Beautiful,Adjectives and Descriptions,2025-08-09T13:31:06.133181,
Local Markdown,egba,Buru,Ugly,Adjectives and Descriptions,2025-08-09T13:31:06.133184,
Local Markdown,egba,Dara,Good,Adjectives and Descriptions,2025-08-09T13:31:06.133187,
Local Markdown,egba,Buru,Bad,Adjectives and Descriptions,2025-08-09T13:31:06.133191,
Local Markdown,egba,Gege,Like/as,More Common Words,2025-08-09T13:31:06.133194,
Local Markdown,egba,Ati,And,More Common Words,2025-08-09T13:31:06.133197,
Local Markdown,egba,Tabi,Or,More Common Words,2025-08-09T13:31:06.133201,
Local Markdown,egba,Sugbon,But,More Common Words,2025-08-09T13:31:06.133205,
Local Markdown,egba,Nitori,Because,More Common Words,2025-08-09T13:31:06.133208,
Local Markdown,egba,Bi,If,More Common Words,2025-08-09T13:31:06.133213,
Local Markdown,egba,Laipe,Soon,More Common Words,2025-08-09T13:31:06.133216,
Local Markdown,egba,Tẹlẹ,Before,More Common Words,2025-08-09T13:31:06.133220,
Local Markdown,egba,Leyin,After,More Common Words,2025-08-09T13:31:06.133223,
Local Markdown,egba,Lati,From,More Common Words,2025-08-09T13:31:06.133227,
Local Markdown,egba,Pupọ,Many/much,Quantities and Measurements,2025-08-09T13:31:06.133231,
Local Markdown,egba,Diẹ,Few/little,Quantities and Measurements,2025-08-09T13:31:06.133241,
Local Markdown,egba,Gbogbo,All,Quantities and Measurements,2025-08-09T13:31:06.133250,
Local Markdown,egba,Kan,Some,Quantities and Measurements,2025-08-09T13:31:06.133254,
Local Markdown,egba,Mẹta,Three (people),Quantities and Measurements,2025-08-09T13:31:06.133257,
Local Markdown,egba,Idaji,Half,Quantities and Measurements,2025-08-09T13:31:06.133260,
Local Markdown,egba,Odindi,Whole,Quantities and Measurements,2025-08-09T13:31:06.133263,
Local Markdown,egba,Apakan,Part,Quantities and Measurements,2025-08-09T13:31:06.133267,
Local Markdown,egba,Iwọn,Measurement,Quantities and Measurements,2025-08-09T13:31:06.133270,
Local Markdown,egba,Iye,Amount,Quantities and Measurements,2025-08-09T13:31:06.133273,
Local Markdown,egba,Apa,Side/direction,Directions and Locations,2025-08-09T13:31:06.133277,
Local Markdown,egba,Ariwa,North,Directions and Locations,2025-08-09T13:31:06.133280,
Local Markdown,egba,Guusu,South,Directions and Locations,2025-08-09T13:31:06.133284,
Local Markdown,egba,Ila-oorun,East,Directions and Locations,2025-08-09T13:31:06.133288,
Local Markdown,egba,Iwọ-oorun,West,Directions and Locations,2025-08-09T13:31:06.133291,
Local Markdown,egba,Oke,Up/hill,Directions and Locations,2025-08-09T13:31:06.133294,
Local Markdown,egba,Isalẹ,Down,Directions and Locations,2025-08-09T13:31:06.133297,
Local Markdown,egba,Iwaju,Front,Directions and Locations,2025-08-09T13:31:06.133301,
Local Markdown,egba,Ẹhin,Back/behind,Directions and Locations,2025-08-09T13:31:06.133304,
Local Markdown,egba,Arin,Middle/center,Directions and Locations,2025-08-09T13:31:06.133307,
Local Markdown,egba,Kọ,Build/learn,Actions and Activities,2025-08-09T13:31:06.133311,
Local Markdown,egba,Tu,Release/break,Actions and Activities,2025-08-09T13:31:06.133314,
Local Markdown,egba,Fa,Pull/draw,Actions and Activities,2025-08-09T13:31:06.133317,
Local Markdown,egba,Ti,Push,Actions and Activities,2025-08-09T13:31:06.133320,
Local Markdown,egba,Gbe,Carry/lift,Actions and Activities,2025-08-09T13:31:06.133324,
Local Markdown,egba,Fi,Use/place,Actions and Activities,2025-08-09T13:31:06.133327,
Local Markdown,egba,Mu,Hold/drink,Actions and Activities,2025-08-09T13:31:06.133330,
Local Markdown,egba,Sọ,Say/speak,Actions and Activities,2025-08-09T13:31:06.133333,
Local Markdown,egba,Gbọ,Hear/listen,Actions and Activities,2025-08-09T13:31:06.133336,
Local Markdown,egba,Wo,Look/wear,Actions and Activities,2025-08-09T13:31:06.133340,
Local Markdown,egba,Se,Cook,Cooking and Kitchen,2025-08-09T13:31:06.133343,
Local Markdown,egba,Dun,Sweet/tasty,Cooking and Kitchen,2025-08-09T13:31:06.133348,
Local Markdown,egba,Koro,Bitter,Cooking and Kitchen,2025-08-09T13:31:06.133351,
Local Markdown,egba,Iyọ,Salt,Cooking and Kitchen,2025-08-09T13:31:06.133354,
Local Markdown,egba,Isu,Pepper,Cooking and Kitchen,2025-08-09T13:31:06.133358,
Local Markdown,egba,Yanrin-yanrin,Spicy,Cooking and Kitchen,2025-08-09T13:31:06.133368,
Local Markdown,egba,Tutu,Cold,Cooking and Kitchen,2025-08-09T13:31:06.133374,
Local Markdown,egba,Gbona,Hot,Cooking and Kitchen,2025-08-09T13:31:06.133390,
Local Markdown,egba,Ogo,Pot,Cooking and Kitchen,2025-08-09T13:31:06.133395,
Local Markdown,egba,Obe,Soup/stew,Cooking and Kitchen,2025-08-09T13:31:06.133399,
Local Markdown,egba,Ajo,Meeting,Social Activities,2025-08-09T13:31:06.133402,
Local Markdown,egba,Igbeyawo,Wedding,Social Activities,2025-08-09T13:31:06.133406,
Local Markdown,egba,Isinku,Funeral,Social Activities,2025-08-09T13:31:06.133409,
Local Markdown,egba,Ayẹyẹ,Celebration,Social Activities,2025-08-09T13:31:06.133412,
Local Markdown,egba,Iranṣẹ,Helper/servant,Social Activities,2025-08-09T13:31:06.133418,
Local Markdown,egba,Alejo,Visitor/guest,Social Activities,2025-08-09T13:31:06.133421,
Local Markdown,egba,Ogun,War,Social Activities,2025-08-09T13:31:06.133424,
Local Markdown,egba,Alafia,Peace,Social Activities,2025-08-09T13:31:06.133427,
Local Markdown,egba,Ija,Fight,Social Activities,2025-08-09T13:31:06.133430,
Local Markdown,egba,Isokan,Unity,Social Activities,2025-08-09T13:31:06.133433,
Local Markdown,egba,Isẹ-ọwọ,Handicraft,Professional Terms,2025-08-09T13:31:06.133437,
Local Markdown,egba,Agbẹ,Farmer,Professional Terms,2025-08-09T13:31:06.133443,
Local Markdown,egba,Oniṣọna,Artist,Professional Terms,2025-08-09T13:31:06.133446,
Local Markdown,egba,Akọwe,Writer/scribe,Professional Terms,2025-08-09T13:31:06.133454,
Local Markdown,egba,Onimọ,Expert,Professional Terms,2025-08-09T13:31:06.133467,
Local Markdown,egba,Asayẹ,Judge,Professional Terms,2025-08-09T13:31:06.133479,
Local Markdown,egba,Aṣofin,Lawyer,Professional Terms,2025-08-09T13:31:06.133491,
Local Markdown,egba,Oniwadi,Researcher,Professional Terms,2025-08-09T13:31:06.133497,
Local Markdown,egba,Oluṣeto,Manager,Professional Terms,2025-08-09T13:31:06.133500,
Local Markdown,egba,Adaṣe,Leader,Professional Terms,2025-08-09T13:31:06.133503,
Local Markdown,egba,Otitọ,Truth,Abstract Concepts,2025-08-09T13:31:06.133507,
Local Markdown,egba,Eke,Lie/falsehood,Abstract Concepts,2025-08-09T13:31:06.133510,
Local Markdown,egba,Iye,Honor,Abstract Concepts,2025-08-09T13:31:06.133513,
Local Markdown,egba,Itiju,Shame/disgrace,Abstract Concepts,2025-08-09T13:31:06.133519,
Local Markdown,egba,Asiri,Secret,Abstract Concepts,2025-08-09T13:31:06.133522,
Local Markdown,egba,Imo,Knowledge,Abstract Concepts,2025-08-09T13:31:06.133525,
Local Markdown,egba,Igbekele,Trust,Abstract Concepts,2025-08-09T13:31:06.133528,
Local Markdown,egba,Ifọkanbale,Confidence,Abstract Concepts,2025-08-09T13:31:06.133531,
Local Markdown,egba,Ani,Promise,Abstract Concepts,2025-08-09T13:31:06.133534,
Local Markdown,egba,Eri,Evidence,Abstract Concepts,2025-08-09T13:31:06.133537,
Local Markdown,egba,Oru,Dew,Weather and Climate,2025-08-09T13:31:06.133543,
Local Markdown,egba,Yinyin,Cold,Weather and Climate,2025-08-09T13:31:06.133546,
Local Markdown,egba,Ooru,Heat,Weather and Climate,2025-08-09T13:31:06.133549,
Local Markdown,egba,Iji,Storm,Weather and Climate,2025-08-09T13:31:06.133574,
Local Markdown,egba,Ara,Thunder,Weather and Climate,2025-08-09T13:31:06.133579,
Local Markdown,egba,Mọnamọna,Lightning,Weather and Climate,2025-08-09T13:31:06.133583,
Local Markdown,egba,Kurukuru,Fog,Weather and Climate,2025-08-09T13:31:06.133586,
Local Markdown,egba,Ewu,Drought,Weather and Climate,2025-08-09T13:31:06.133589,
Local Markdown,egba,Omi-ojo,Flood,Weather and Climate,2025-08-09T13:31:06.133592,
Local Markdown,egba,Igba-otutu,Dry season,Weather and Climate,2025-08-09T13:31:06.133596,
Local Markdown,egba,Oko,Farm,Agriculture and Farming,2025-08-09T13:31:06.133601,
Local Markdown,egba,Irugbin,Planting,Agriculture and Farming,2025-08-09T13:31:06.133606,
Local Markdown,egba,Ikore,Harvesting,Agriculture and Farming,2025-08-09T13:31:06.133610,
Local Markdown,egba,Epò,Fertilizer,Agriculture and Farming,2025-08-09T13:31:06.133614,
Local Markdown,egba,Korikori,Weed,Agriculture and Farming,2025-08-09T13:31:06.133617,
Local Markdown,egba,Ẹfọ,Vegetables,Agriculture and Farming,2025-08-09T13:31:06.133620,
Local Markdown,egba,Eso,Fruit,Agriculture and Farming,2025-08-09T13:31:06.133624,
Local Markdown,egba,Ọka,Corn/maize,Agriculture and Farming,2025-08-09T13:31:06.133627,
Local Markdown,egba,Ewebe,Leaves/herbs,Agriculture and Farming,2025-08-09T13:31:06.133630,
Local Markdown,egba,Igi-eso,Fruit tree,Agriculture and Farming,2025-08-09T13:31:06.133633,
Local Markdown,egba,Bọọlu,Ball,Sports and Games,2025-08-09T13:31:06.133638,
Local Markdown,egba,Ere-idaraya,Sport,Sports and Games,2025-08-09T13:31:06.133641,
Local Markdown,egba,Sare,Race/running,Sports and Games,2025-08-09T13:31:06.133644,
Local Markdown,egba,Foriji,Wrestling,Sports and Games,2025-08-09T13:31:06.133648,
Local Markdown,egba,Gbigbe-ara,Exercise,Sports and Games,2025-08-09T13:31:06.133651,
Local Markdown,egba,Ere-ijo,Dancing game,Sports and Games,2025-08-09T13:31:06.133654,
Local Markdown,egba,Ayo,Traditional game,Sports and Games,2025-08-09T13:31:06.133657,
Local Markdown,egba,Jagun-jagun,War game,Sports and Games,2025-08-09T13:31:06.133660,
Local Markdown,egba,Ere-ọmọde,Children's game,Sports and Games,2025-08-09T13:31:06.133663,
Local Markdown,egba,Idije,Competition,Sports and Games,2025-08-09T13:31:06.133666,
Local Markdown,egba,Imọ-ẹrọ,Technology,Technology and Modern Life,2025-08-09T13:31:06.133670,
Local Markdown,egba,Kọmputa,Computer,Technology and Modern Life,2025-08-09T13:31:06.133673,
Local Markdown,egba,Foonu,Phone,Technology and Modern Life,2025-08-09T13:31:06.133677,
Local Markdown,egba,Redio,Radio,Technology and Modern Life,2025-08-09T13:31:06.133680,
Local Markdown,egba,Tẹlifišọn,Television,Technology and Modern Life,2025-08-09T13:31:06.133683,
Local Markdown,egba,Kamera,Camera,Technology and Modern Life,2025-08-09T13:31:06.133686,
Local Markdown,egba,Ina-mọnamọna,Electricity,Technology and Modern Life,2025-08-09T13:31:06.133690,
Local Markdown,egba,Nẹtiwọki,Network,Technology and Modern Life,2025-08-09T13:31:06.133693,
Local Markdown,egba,Intanẹti,Internet,Technology and Modern Life,2025-08-09T13:31:06.133697,
Local Markdown,egba,Ẹrọ-itupalẹ,Calculator,Technology and Modern Life,2025-08-09T13:31:06.133702,
Local Markdown,egba,Inudun,Happiness,Emotions and Psychology,2025-08-09T13:31:06.133705,
Local Markdown,egba,Ibanuje,Sadness,Emotions and Psychology,2025-08-09T13:31:06.133710,
Local Markdown,egba,Iberu,Fear,Emotions and Psychology,2025-08-09T13:31:06.133714,
Local Markdown,egba,Igberaga,Pride,Emotions and Psychology,2025-08-09T13:31:06.133717,
Local Markdown,egba,Irẹlẹ,Humility,Emotions and Psychology,2025-08-09T13:31:06.133722,
Local Markdown,egba,Itara,Excitement,Emotions and Psychology,2025-08-09T13:31:06.133733,
Local Markdown,egba,Ikorira,Hatred,Emotions and Psychology,2025-08-09T13:31:06.133744,
Local Markdown,egba,Ifẹ,Love,Emotions and Psychology,2025-08-09T13:31:06.133749,
Local Markdown,egba,Ibanujẹ,Sorrow,Emotions and Psychology,2025-08-09T13:31:06.133752,
Local Markdown,egba,Ayọ,Joy,Emotions and Psychology,2025-08-09T13:31:06.133755,
Local Markdown,egba,Agbada,Traditional robe,Cultural and Traditional Items,2025-08-09T13:31:06.133761,
Local Markdown,egba,Aso-oke,Traditional cloth,Cultural and Traditional Items,2025-08-09T13:31:06.133764,
Local Markdown,egba,Buba,Traditional blouse,Cultural and Traditional Items,2025-08-09T13:31:06.133767,
Local Markdown,egba,Gele,Head wrap,Cultural and Traditional Items,2025-08-09T13:31:06.133771,
Local Markdown,egba,Fila,Traditional cap,Cultural and Traditional Items,2025-08-09T13:31:06.133774,
Local Markdown,egba,Opa,Staff/walking stick,Cultural and Traditional Items,2025-08-09T13:31:06.133777,
Local Markdown,egba,Irukẹrẹ,Fly whisk,Cultural and Traditional Items,2025-08-09T13:31:06.133780,
Local Markdown,egba,Sango,Thunder god,Cultural and Traditional Items,2025-08-09T13:31:06.133783,
Local Markdown,egba,Ifa,Divination system,Cultural and Traditional Items,2025-08-09T13:31:06.133787,
Local Markdown,egba,Egungun,Masquerade,Cultural and Traditional Items,2025-08-09T13:31:06.133792,
Local Markdown,egba,Ikẹkọ,Learning process,Education and Learning (Extended),2025-08-09T13:31:06.133796,
Local Markdown,egba,Imọran,Advice/counseling,Education and Learning (Extended),2025-08-09T13:31:06.133799,
Local Markdown,egba,Itan,Story/history,Education and Learning (Extended),2025-08-09T13:31:06.133802,
Local Markdown,egba,Akiyesi,Attention,Education and Learning (Extended),2025-08-09T13:31:06.133805,
Local Markdown,egba,Oyẹ,Understanding,Education and Learning (Extended),2025-08-09T13:31:06.133809,
Local Markdown,egba,Gbagbe,Forget,Education and Learning (Extended),2025-08-09T13:31:06.133812,
Local Markdown,egba,Ranti,Remember,Education and Learning (Extended),2025-08-09T13:31:06.133815,
Local Markdown,egba,Kẹkọọ,Study,Education and Learning (Extended),2025-08-09T13:31:06.133818,
Local Markdown,egba,Dansaki,Homework,Education and Learning (Extended),2025-08-09T13:31:06.133821,
Local Markdown,egba,Idanwo,Examination,Education and Learning (Extended),2025-08-09T13:31:06.133824,
Local Markdown,egba,Owo-iṣowo,Capital,Business and Economics,2025-08-09T13:31:06.133828,
Local Markdown,egba,Ere,Profit,Business and Economics,2025-08-09T13:31:06.133831,
Local Markdown,egba,Padanu,Loss,Business and Economics,2025-08-09T13:31:06.133834,
Local Markdown,egba,Iyasọtọ,Investment,Business and Economics,2025-08-09T13:31:06.133837,
Local Markdown,egba,Gbese,Debt,Business and Economics,2025-08-09T13:31:06.133841,
Local Markdown,egba,Ẹbun,Gift/bonus,Business and Economics,2025-08-09T13:31:06.133844,
Local Markdown,egba,Ifowosowopo,Partnership,Business and Economics,2025-08-09T13:31:06.133847,
Local Markdown,egba,Ile-iṣẹ,Office/workplace,Business and Economics,2025-08-09T13:31:06.133852,
Local Markdown,egba,Aṣẹ,Authority/power,Business and Economics,2025-08-09T13:31:06.133857,
Local Markdown,egba,Ipinnu,Decision,Business and Economics,2025-08-09T13:31:06.133860,
Local Markdown,egba,Ofin,Law,Legal and Government,2025-08-09T13:31:06.133864,
Local Markdown,egba,Ẹjọ,Court case,Legal and Government,2025-08-09T13:31:06.133869,
Local Markdown,egba,Adajọ,Judge,Legal and Government,2025-08-09T13:31:06.133873,
Local Markdown,egba,Ẹlẹri,Witness,Legal and Government,2025-08-09T13:31:06.133876,
Local Markdown,egba,Ẹjọ,Lawsuit,Legal and Government,2025-08-09T13:31:06.133879,
Local Markdown,egba,Ijọba,Government,Legal and Government,2025-08-09T13:31:06.133882,
Local Markdown,egba,Aṣẹ,Authority,Legal and Government,2025-08-09T13:31:06.133886,
Local Markdown,egba,Ọba,King,Legal and Government,2025-08-09T13:31:06.133889,
Local Markdown,egba,Ilẹ,Land/country,Legal and Government,2025-08-09T13:31:06.133892,
Local Markdown,egba,Ominira,Freedom,Legal and Government,2025-08-09T13:31:06.133896,
Local Markdown,egba,Iṣẹ-ọna,Artwork,Arts and Crafts,2025-08-09T13:31:06.133902,
Local Markdown,egba,Aworan,Picture/image,Arts and Crafts,2025-08-09T13:31:06.133905,
Local Markdown,egba,Yiya,Carving,Arts and Crafts,2025-08-09T13:31:06.133908,
Local Markdown,egba,Hiho,Sculpture,Arts and Crafts,2025-08-09T13:31:06.133911,
Local Markdown,egba,Kikun,Weaving,Arts and Crafts,2025-08-09T13:31:06.133914,
Local Markdown,egba,Sisẹ,Crafting,Arts and Crafts,2025-08-09T13:31:06.133918,
Local Markdown,egba,Awọ,Color/dye,Arts and Crafts,2025-08-09T13:31:06.133921,
Local Markdown,egba,Ọṣọ,Decoration,Arts and Crafts,2025-08-09T13:31:06.133924,
Local Markdown,egba,Ẹwa,Beauty,Arts and Crafts,2025-08-09T13:31:06.133929,
Local Markdown,egba,Asa,Culture/tradition,Arts and Crafts,2025-08-09T13:31:06.133933,
Local Markdown,egba,Irin-ajo,Travel/journey,Travel and Tourism,2025-08-09T13:31:06.133936,
Local Markdown,egba,Ajo-aye,Tourism,Travel and Tourism,2025-08-09T13:31:06.133940,
Local Markdown,egba,Ile-itutu,Hotel,Travel and Tourism,2025-08-09T13:31:06.133943,
Local Markdown,egba,Alejo,Tourist/visitor,Travel and Tourism,2025-08-09T13:31:06.133946,
Local Markdown,egba,Ibi-itura,Resort,Travel and Tourism,2025-08-09T13:31:06.133950,
Local Markdown,egba,Oju-ọna,Scenery,Travel and Tourism,2025-08-09T13:31:06.133953,
Local Markdown,egba,Fọto,Photograph,Travel and Tourism,2025-08-09T13:31:06.133956,
Local Markdown,egba,Itọsọna,Guide,Travel and Tourism,2025-08-09T13:31:06.133959,
Local Markdown,egba,Iwadi,Exploration,Travel and Tourism,2025-08-09T13:31:06.133963,
Local Markdown,egba,Iṣiro-ajo,Travel planning,Travel and Tourism,2025-08-09T13:31:06.133969,
Local Markdown,egba,Iwọsan,Healing,Medicine and Healthcare (Extended),2025-08-09T13:31:06.133972,
Local Markdown,egba,Alagbabọ,Protector/guardian,Medicine and Healthcare (Extended),2025-08-09T13:31:06.133976,
Local Markdown,egba,Oogun,Traditional medicine,Medicine and Healthcare (Extended),2025-08-09T13:31:06.133979,
Local Markdown,egba,Iwadi-ara,Medical examination,Medicine and Healthcare (Extended),2025-08-09T13:31:06.133982,
Local Markdown,egba,Ṣiṣẹ-abẹ,Surgery,Medicine and Healthcare (Extended),2025-08-09T13:31:06.133985,
Local Markdown,egba,Egboogi,Herbs,Medicine and Healthcare (Extended),2025-08-09T13:31:06.133989,
Local Markdown,egba,Aisan-ara,Physical illness,Medicine and Healthcare (Extended),2025-08-09T13:31:06.133992,
Local Markdown,egba,Aisan-ọkan,Mental illness,Medicine and Healthcare (Extended),2025-08-09T13:31:06.133997,
Local Markdown,egba,Agbara-ara,Physical strength,Medicine and Healthcare (Extended),2025-08-09T13:31:06.134000,
Local Markdown,egba,Ilera-ọkan,Mental health,Medicine and Healthcare (Extended),2025-08-09T13:31:06.134004,
Local Markdown,egba,Ohun-ini-ayaba,Natural resources,Natural Resources and Environment,2025-08-09T13:31:06.134008,
Local Markdown,egba,Omi-mimọ,Clean water,Natural Resources and Environment,2025-08-09T13:31:06.134011,
Local Markdown,egba,Atẹgun,Fresh air,Natural Resources and Environment,2025-08-09T13:31:06.134014,
Local Markdown,egba,Ilẹ-ọlọrọ,Fertile soil,Natural Resources and Environment,2025-08-09T13:31:06.134018,
Local Markdown,egba,Epo-petrolia,Petroleum oil,Natural Resources and Environment,2025-08-09T13:31:06.134022,
Local Markdown,egba,Irin,Iron ore,Natural Resources and Environment,2025-08-09T13:31:06.134026,
Local Markdown,egba,Goolu,Gold,Natural Resources and Environment,2025-08-09T13:31:06.134029,
Local Markdown,egba,Fadaka,Silver,Natural Resources and Environment,2025-08-09T13:31:06.134032,
Local Markdown,egba,Okuta-iyebiye,Precious stones,Natural Resources and Environment,2025-08-09T13:31:06.134035,
Local Markdown,egba,Igi-ope,Palm tree,Natural Resources and Environment,2025-08-09T13:31:06.134039,
Local Markdown,egba,Ibarasọ,Communication,Communication and Language,2025-08-09T13:31:06.134042,
Local Markdown,egba,Ede,Language,Communication and Language,2025-08-09T13:31:06.134045,
Local Markdown,egba,Ikede,Announcement,Communication and Language,2025-08-09T13:31:06.134049,
Local Markdown,egba,Irohin,News/information,Communication and Language,2025-08-09T13:31:06.134058,
Local Markdown,egba,Leta,Letter,Communication and Language,2025-08-09T13:31:06.134062,
Local Markdown,egba,Ipọnju,Message,Communication and Language,2025-08-09T13:31:06.134068,
Local Markdown,egba,Sisọrọ,Conversation,Communication and Language,2025-08-09T13:31:06.134072,
Local Markdown,egba,Agbọrọsọ,Discussion,Communication and Language,2025-08-09T13:31:06.134077,
Local Markdown,egba,Igbanilaamu,Interview,Communication and Language,2025-08-09T13:31:06.134081,
Local Markdown,egba,Asọye,Explanation,Communication and Language,2025-08-09T13:31:06.134084,
Local Markdown,egba,Ikole,Building/construction,Construction and Architecture,2025-08-09T13:31:06.134089,
Local Markdown,egba,Ile-nla,Mansion,Construction and Architecture,2025-08-09T13:31:06.134092,
Local Markdown,egba,Adọn,Foundation,Construction and Architecture,2025-08-09T13:31:06.134095,
Local Markdown,egba,Ọpọn,Column/pillar,Construction and Architecture,2025-08-09T13:31:06.134099,
Local Markdown,egba,Gbolohun,Beam,Construction and Architecture,2025-08-09T13:31:06.134102,
Local Markdown,egba,Pẹpẹ,Floor/platform,Construction and Architecture,2025-08-09T13:31:06.134105,
Local Markdown,egba,Oniyangiri,Architect,Construction and Architecture,2025-08-09T13:31:06.134108,
Local Markdown,egba,Eto-ile,Building plan,Construction and Architecture,2025-08-09T13:31:06.134111,
Local Markdown,egba,Ọna-ile,Building method,Construction and Architecture,2025-08-09T13:31:06.134114,
Local Markdown,egba,Ohun-elo-ile,Building materials,Construction and Architecture,2025-08-09T13:31:06.134118,
Local Markdown,egba,Imọ-jinlẹ,Science,Science and Research,2025-08-09T13:31:06.134121,
Local Markdown,egba,Iwadi,Research,Science and Research,2025-08-09T13:31:06.134124,
Local Markdown,egba,Idanwo,Experiment,Science and Research,2025-08-09T13:31:06.134127,
Local Markdown,egba,Ẹrọ,Machine/equipment,Science and Research,2025-08-09T13:31:06.134131,
Local Markdown,egba,Awọn-kẹmika,Chemicals,Science and Research,2025-08-09T13:31:06.134134,
Local Markdown,egba,Imọ-ara,Biology,Science and Research,2025-08-09T13:31:06.134137,
Local Markdown,egba,Imọ-ile,Geography,Science and Research,2025-08-09T13:31:06.134145,
Local Markdown,egba,Imọ-irinṣẹ,Physics,Science and Research,2025-08-09T13:31:06.134150,
Local Markdown,egba,Imọ-isọ,Mathematics,Science and Research,2025-08-09T13:31:06.134153,
Local Markdown,egba,Ẹya-ara,Biology,Science and Research,2025-08-09T13:31:06.134163,
Local Markdown,egba,Ọmọ-ogun,Soldier,Military and Security,2025-08-09T13:31:06.134172,
Local Markdown,egba,Ogun,War/military,Military and Security,2025-08-09T13:31:06.134175,
Local Markdown,egba,Ohun-ija,Weapon,Military and Security,2025-08-09T13:31:06.134179,
Local Markdown,egba,Aabo,Security/safety,Military and Security,2025-08-09T13:31:06.134182,
Local Markdown,egba,Iledi,Fort/fortress,Military and Security,2025-08-09T13:31:06.134185,
Local Markdown,egba,Ẹgbẹ-aabo,Security force,Military and Security,2025-08-09T13:31:06.134188,
Local Markdown,egba,Isere,Training,Military and Security,2025-08-09T13:31:06.134192,
Local Markdown,egba,Asọ-ogun,Uniform,Military and Security,2025-08-09T13:31:06.134204,
Local Markdown,egba,Ija,Battle/fight,Military and Security,2025-08-09T13:31:06.134216,
Local Markdown,egba,Ijagun,Warfare,Military and Security,2025-08-09T13:31:06.134221,
Local Markdown,egba,Baba-nla,Grandfather,Extended Family Terms,2025-08-09T13:31:06.134225,
Local Markdown,egba,Iya-nla,Grandmother,Extended Family Terms,2025-08-09T13:31:06.134228,
Local Markdown,egba,Babatọba,Uncle (father's brother),Extended Family Terms,2025-08-09T13:31:06.134232,
Local Markdown,egba,Iyatọba,Aunt (father's sister),Extended Family Terms,2025-08-09T13:31:06.134239,
Local Markdown,egba,Arakunrin,Brother,Extended Family Terms,2025-08-09T13:31:06.134245,
Local Markdown,egba,Arabinrin,Sister,Extended Family Terms,2025-08-09T13:31:06.134248,
Local Markdown,egba,Ọmọ-arakunrin,Nephew,Extended Family Terms,2025-08-09T13:31:06.134253,
Local Markdown,egba,Ọmọ-arabinrin,Niece,Extended Family Terms,2025-08-09T13:31:06.134257,
Local Markdown,egba,Okọ-ọmọ,Son-in-law,Extended Family Terms,2025-08-09T13:31:06.134263,
Local Markdown,egba,Iyawo-ọmọ,Daughter-in-law,Extended Family Terms,2025-08-09T13:31:06.134268,
Local Markdown,egba,Dandogo,Traditional trousers,Extended Clothing Terms,2025-08-09T13:31:06.134271,
Local Markdown,egba,Kẹmbe,Wrapper/skirt,Extended Clothing Terms,2025-08-09T13:31:06.134275,
Local Markdown,egba,Agbada,Flowing robe,Extended Clothing Terms,2025-08-09T13:31:06.134278,
Local Markdown,egba,Iro,Wrapper,Extended Clothing Terms,2025-08-09T13:31:06.134281,
Local Markdown,egba,Ojongbodu,Traditional shoes,Extended Clothing Terms,2025-08-09T13:31:06.134284,
Local Markdown,egba,Oya,Shawl,Extended Clothing Terms,2025-08-09T13:31:06.134287,
Local Markdown,egba,Asọ-ọjọ-ọsẹ,Sunday best,Extended Clothing Terms,2025-08-09T13:31:06.134291,
Local Markdown,egba,Asọ-iwẹ,Work clothes,Extended Clothing Terms,2025-08-09T13:31:06.134294,
Local Markdown,egba,Asọ-sun,Nightwear,Extended Clothing Terms,2025-08-09T13:31:06.134297,
Local Markdown,egba,Asọ-odo,Children's clothes,Extended Clothing Terms,2025-08-09T13:31:06.134300,
Local Markdown,egba,Ọdanran,Corn mill,Agriculture and Food Processing,2025-08-09T13:31:06.134304,
Local Markdown,egba,Lilo-ọka,Corn processing,Agriculture and Food Processing,2025-08-09T13:31:06.134308,
Local Markdown,egba,Ṣiṣẹ-ewa,Bean processing,Agriculture and Food Processing,2025-08-09T13:31:06.134311,
Local Markdown,egba,Pọnpọn,Pounding,Agriculture and Food Processing,2025-08-09T13:31:06.134316,
Local Markdown,egba,Awọn-elo-oko,Farm tools,Agriculture and Food Processing,2025-08-09T13:31:06.134319,
Local Markdown,egba,Gbigbin,Farming/cultivation,Agriculture and Food Processing,2025-08-09T13:31:06.134324,
Local Markdown,egba,Koriko,Grass/hay,Agriculture and Food Processing,2025-08-09T13:31:06.134328,
Local Markdown,egba,Ẹranko-ọsin,Livestock,Agriculture and Food Processing,2025-08-09T13:31:06.134331,
Local Markdown,egba,Agbon-emu,Palm wine,Agriculture and Food Processing,2025-08-09T13:31:06.134334,
Local Markdown,egba,Lilo-iresi,Rice processing,Agriculture and Food Processing,2025-08-09T13:31:06.134337,
Local Markdown,egba,Mọkanla,Eleven,Extended Numbers and Counting,2025-08-09T13:31:06.134341,
Local Markdown,egba,Mejila,Twelve,Extended Numbers and Counting,2025-08-09T13:31:06.134344,
Local Markdown,egba,Mẹtala,Thirteen,Extended Numbers and Counting,2025-08-09T13:31:06.134347,
Local Markdown,egba,Mẹrinla,Fourteen,Extended Numbers and Counting,2025-08-09T13:31:06.134351,
Local Markdown,egba,Mẹẹdogun,Fifteen,Extended Numbers and Counting,2025-08-09T13:31:06.134354,
Local Markdown,egba,Mẹrindogun,Sixteen,Extended Numbers and Counting,2025-08-09T13:31:06.134357,
Local Markdown,egba,Mẹtadogun,Seventeen,Extended Numbers and Counting,2025-08-09T13:31:06.134360,
Local Markdown,egba,Mẹjidogun,Eighteen,Extended Numbers and Counting,2025-08-09T13:31:06.134365,
Local Markdown,egba,Mọkandogun,Nineteen,Extended Numbers and Counting,2025-08-09T13:31:06.134368,
Local Markdown,egba,Ogun,Twenty,Extended Numbers and Counting,2025-08-09T13:31:06.134371,
Local Markdown,egba,Idunnu,Pleasure,More Abstract Concepts,2025-08-09T13:31:06.134374,
Local Markdown,egba,Irira,Experience,More Abstract Concepts,2025-08-09T13:31:06.134378,
Local Markdown,egba,Igbagbe,Forgetfulness,More Abstract Concepts,2025-08-09T13:31:06.134381,
Local Markdown,egba,Iranti,Memory,More Abstract Concepts,2025-08-09T13:31:06.134384,
Local Markdown,egba,Imọlara,Feeling,More Abstract Concepts,2025-08-09T13:31:06.134390,
Local Markdown,egba,Iyemeji,Doubt,More Abstract Concepts,2025-08-09T13:31:06.134395,
Local Markdown,egba,Idaniloju,Assurance,More Abstract Concepts,2025-08-09T13:31:06.134399,
Local Markdown,egba,Ipinlẹ,State/condition,More Abstract Concepts,2025-08-09T13:31:06.134415,
Local Markdown,egba,Ipo,Position/status,More Abstract Concepts,2025-08-09T13:31:06.134420,
Local Markdown,egba,Aseyori,Success,More Abstract Concepts,2025-08-09T13:31:06.134423,
Local Markdown,egba,Iwọsọna,Prophet,Extended Religious Terms,2025-08-09T13:31:06.134426,
Local Markdown,egba,Iyaafin,Priestess,Extended Religious Terms,2025-08-09T13:31:06.134430,
Local Markdown,egba,Babalawo,Traditional priest,Extended Religious Terms,2025-08-09T13:31:06.134434,
Local Markdown,egba,Imọlẹ,Angel,Extended Religious Terms,2025-08-09T13:31:06.134437,
Local Markdown,egba,Ẹmi-buburu,Evil spirit,Extended Religious Terms,2025-08-09T13:31:06.134440,
Local Markdown,egba,Ijọ,Church/congregation,Extended Religious Terms,2025-08-09T13:31:06.134443,
Local Markdown,egba,Adua,Blessing,Extended Religious Terms,2025-08-09T13:31:06.134448,
Local Markdown,egba,Ẹgbẹ-ẹsin,Religious group,Extended Religious Terms,2025-08-09T13:31:06.134452,
Local Markdown,egba,Ọjọ-ẹbọ,Day of sacrifice,Extended Religious Terms,2025-08-09T13:31:06.134455,
Local Markdown,egba,Ohun-ẹbọ,Sacrifice/offering,Extended Religious Terms,2025-08-09T13:31:06.134459,
Local Markdown,egba,Omi-okun,Ocean water,Water and Marine Life,2025-08-09T13:31:06.134462,
Local Markdown,egba,Omi-odò,River water,Water and Marine Life,2025-08-09T13:31:06.134466,
Local Markdown,egba,Awọn-eja,Various fish,Water and Marine Life,2025-08-09T13:31:06.134470,
Local Markdown,egba,Yenpepe,Different types of fish,Water and Marine Life,2025-08-09T13:31:06.134473,
Local Markdown,egba,Eja-nla,Big fish,Water and Marine Life,2025-08-09T13:31:06.134479,
Local Markdown,egba,Ọkọ-omi,Boat,Water and Marine Life,2025-08-09T13:31:06.134482,
Local Markdown,egba,Awakọ-ọkọ-omi,Boat operator,Water and Marine Life,2025-08-09T13:31:06.134486,
Local Markdown,egba,Loje-omi,Swimming,Water and Marine Life,2025-08-09T13:31:06.134489,
Local Markdown,egba,Àpẹja,Fisherman,Water and Marine Life,2025-08-09T13:31:06.134492,
Local Markdown,egba,Ẹru-eja,Fish load,Water and Marine Life,2025-08-09T13:31:06.134497,
Local Markdown,egba,Okó,Hoe for farming,Tools and Equipment (Extended),2025-08-09T13:31:06.134501,
Local Markdown,egba,Ṣokusoku,Hoe,Tools and Equipment (Extended),2025-08-09T13:31:06.134505,
Local Markdown,egba,Agbon,Basket,Tools and Equipment (Extended),2025-08-09T13:31:06.134508,
Local Markdown,egba,Ẹhin-erin,Ivory,Tools and Equipment (Extended),2025-08-09T13:31:06.134523,
Local Markdown,egba,Fila-abẹti-aja,Different cap styles,Tools and Equipment (Extended),2025-08-09T13:31:06.134528,
Local Markdown,egba,Asọ-etu,Velvet cloth,Tools and Equipment (Extended),2025-08-09T13:31:06.134531,
Local Markdown,egba,Saworo,Bell,Tools and Equipment (Extended),2025-08-09T13:31:06.134535,
Local Markdown,egba,Ilu,Drum,Tools and Equipment (Extended),2025-08-09T13:31:06.134538,
Local Markdown,egba,Ẹlẹdẹ,Pig iron,Tools and Equipment (Extended),2025-08-09T13:31:06.134541,
Local Markdown,egba,Irin-nlọ,Large iron,Tools and Equipment (Extended),2025-08-09T13:31:06.134545,
Local Markdown,egba,Didin,Frying,Extended Cooking Terms,2025-08-09T13:31:06.134548,
Local Markdown,egba,Sisẹ,Boiling,Extended Cooking Terms,2025-08-09T13:31:06.134552,
Local Markdown,egba,Yiyan,Grilling,Extended Cooking Terms,2025-08-09T13:31:06.134555,
Local Markdown,egba,Sisun,Roasting,Extended Cooking Terms,2025-08-09T13:31:06.134558,
Local Markdown,egba,Ṣiṣẹ-ọbẹ,Soup making,Extended Cooking Terms,2025-08-09T13:31:06.134563,
Local Markdown,egba,Lilo-iyọ,Salt usage,Extended Cooking Terms,2025-08-09T13:31:06.134567,
Local Markdown,egba,Ṣiṣẹ-eko,Corn pap making,Extended Cooking Terms,2025-08-09T13:31:06.134570,
Local Markdown,egba,Dun-obe,Soup preparation,Extended Cooking Terms,2025-08-09T13:31:06.134574,
Local Markdown,egba,Fifọ,Washing (food),Extended Cooking Terms,2025-08-09T13:31:06.134577,
Local Markdown,egba,Gige,Cutting/chopping,Extended Cooking Terms,2025-08-09T13:31:06.134582,
Local Markdown,egba,Ji-òjò,Drizzle,Weather Phenomena (Extended),2025-08-09T13:31:06.134586,
Local Markdown,egba,Òjò-lile,Heavy rain,Weather Phenomena (Extended),2025-08-09T13:31:06.134589,
Local Markdown,egba,Afẹfẹ-kọlu,Windstorm,Weather Phenomena (Extended),2025-08-09T13:31:06.134592,
Local Markdown,egba,Òtútù-pupọ,Severe cold,Weather Phenomena (Extended),2025-08-09T13:31:06.134596,
Local Markdown,egba,Ọgbẹlẹ,Dryness,Weather Phenomena (Extended),2025-08-09T13:31:06.134599,
Local Markdown,egba,Omi-ọsan,Afternoon rain,Weather Phenomena (Extended),2025-08-09T13:31:06.134602,
Local Markdown,egba,Òjò-alẹ,Evening rain,Weather Phenomena (Extended),2025-08-09T13:31:06.134606,
Local Markdown,egba,Afẹfẹ-tutu,Cool breeze,Weather Phenomena (Extended),2025-08-09T13:31:06.134609,
Local Markdown,egba,Gbona-pupọ,Very hot,Weather Phenomena (Extended),2025-08-09T13:31:06.134613,
Local Markdown,egba,Yinyin-ṣinṣin,Very cold,Weather Phenomena (Extended),2025-08-09T13:31:06.134616,
Local Markdown,egba,Orin-igbehin,Praise song,Music and Dance (Extended),2025-08-09T13:31:06.134620,
Local Markdown,egba,Orin-ibanuje,Sad song,Music and Dance (Extended),2025-08-09T13:31:06.134623,
Local Markdown,egba,Ijo-agba,Adult dance,Music and Dance (Extended),2025-08-09T13:31:06.134628,
Local Markdown,egba,Ijo-ọmọde,Children's dance,Music and Dance (Extended),2025-08-09T13:31:06.134633,
Local Markdown,egba,Gangan,Talking drum type,Music and Dance (Extended),2025-08-09T13:31:06.134637,
Local Markdown,egba,Bata,Sacred drum,Music and Dance (Extended),2025-08-09T13:31:06.134640,
Local Markdown,egba,Sakara,Type of music,Music and Dance (Extended),2025-08-09T13:31:06.134643,
Local Markdown,egba,Juju,Popular music style,Music and Dance (Extended),2025-08-09T13:31:06.134646,
Local Markdown,egba,Fuji,Music genre,Music and Dance (Extended),2025-08-09T13:31:06.134649,
Local Markdown,egba,Apala,Traditional music,Music and Dance (Extended),2025-08-09T13:31:06.134652,
Local Markdown,egba,Oniṣẹ-ifowosowo,Banker,More Professional Terms,2025-08-09T13:31:06.134656,
Local Markdown,egba,Onimọ-isọ,Mathematician,More Professional Terms,2025-08-09T13:31:06.134659,
Local Markdown,egba,Onimọ-ẹrọ,Engineer,More Professional Terms,2025-08-09T13:31:06.134662,
Local Markdown,egba,Alakọwe,Accountant,More Professional Terms,2025-08-09T13:31:06.134666,
Local Markdown,egba,Oniṣẹ-aabo,Security guard,More Professional Terms,2025-08-09T13:31:06.134669,
Local Markdown,egba,Oniwa,Gardener,More Professional Terms,2025-08-09T13:31:06.134673,
Local Markdown,egba,Oniṣẹ-ile,Housekeeper,More Professional Terms,2025-08-09T13:31:06.134676,
Local Markdown,egba,Alakowe,Clerk,More Professional Terms,2025-08-09T13:31:06.134679,
Local Markdown,egba,Oniṣẹ-ijọba,Government worker,More Professional Terms,2025-08-09T13:31:06.134683,
Local Markdown,egba,Gbolohun-ẹrọ,Mechanic,More Professional Terms,2025-08-09T13:31:06.134686,
Local Markdown,egba,Kẹkẹ-marua,Tricycle,Transportation (Extended),2025-08-09T13:31:06.134690,
Local Markdown,egba,Mọto-ẹru,Truck,Transportation (Extended),2025-08-09T13:31:06.134694,
Local Markdown,egba,Ọkọ-ayokẹlẹ,Bus,Transportation (Extended),2025-08-09T13:31:06.134698,
Local Markdown,egba,Ọkọ-ẹni-kọọkan,Private car,Transportation (Extended),2025-08-09T13:31:06.134703,
Local Markdown,egba,Ọkọ-gbigbe,Moving vehicle,Transportation (Extended),2025-08-09T13:31:06.134706,
Local Markdown,egba,Ojú-ọna-roba,Highway,Transportation (Extended),2025-08-09T13:31:06.134710,
