source,dialect,text,date_collected,english_gloss,context_type,dialect_guess
Local CSV,ibadan,Ìbàdàn mésí kọ̀gọ̀,2025-08-09T13:31:06.130935,Ibadan never backs down,Proverb,ibadan
Local CSV,ibadan,Adélabú ta panla ri,2025-08-09T13:31:06.131010,Bragging without substance,Saying,ibadan
Local CSV,ibadan,Ti Oke Ibadan o ba gba malu...,2025-08-09T13:31:06.131047,Don't overstep what you can offer,Warning,
Local CSV,ibadan,Mo fe ko ile mi bi ti Adebisi,2025-08-09T13:31:06.131088,Start with what you have,Advice,
Local CSV,ibadan,Ibadan ile Oluyole,2025-08-09T13:31:06.131122,"Ibadan, the land of Oluyole",Oriki (Praise),
Local CSV,ibadan,Ibadan ki seru enikankan,2025-08-09T13:31:06.131151,Ibadan bows to no one,Oriki (Pride),
Local CSV,ibadan,E kaaro,2025-08-09T13:31:06.131177,Good morning,Greeting,
Local CSV,ibadan,Jowo,2025-08-09T13:31:06.131203,Please,Polite Request,
Local CSV,ibadan,O se,2025-08-09T13:31:06.131230,Thank you,Gratitude,
